ID,Title,Content,Excerpt,Date,"Post Type",Permalink,"Parent Product ID",Sku,Price,"Regular Price","Sale Price","Stock Status",Stock,"External Product URL","Total Sales","Shipping Class","Image URL","Image Title","Image Caption","Image Description","Image Alt Text","Image Featured","Attachment URL","Product Type",Etiquetas,"Categorías del producto","Etiquetas del producto","Product Visibility",Status,"Author ID","Author Username","Author Email","Author First Name","Author Last Name",Slug,Format,Template,"Parent Slug",Order,"Comment Status","Ping Status","Post Modified Date",Downloadable,Virtual,"Purchase Note",Featured,Weight,Length,Width,Height,"Sale Price Dates From","Sale Price Dates To","Sold Individually","Manage Stock",Up-Sells,Cross-Sells,"Downloadable Files Paths","Downloadable Files Names","Download Limit","Download Expiry","Download Type","Button Text",Backorders,"Tax Status","Tax Class","Product Image Gallery","Default Attributes","Product Attributes","Product Version","Variation Description","Wc Rating Count","Wc Review Count","Wc Average Rating"
18,,asdasd,"<p><br data-mce-bogus=""1""></p>",1970-01-01,product,http://134.122.26.138/?post_type=product&p=18,0,,,,,,,,,,,,,,,,,,visible,,,visible,draft,2,shop1,shop1@gmail.com,,,,,,0,0,open,closed,2020-05-21,,,,no,,,,,,,,,,,,,,,,,,,,,,,,,,,
19,"Nombre del producto","Información general",,2020-05-22,product,http://134.122.26.138/index.php/producto/nombre-del-producto/,0,,100,100,,instock,30,,0,,http://134.122.26.138/wp-content/uploads/2020/05/Captura-de-Pantalla-2020-05-21-a-las-17.36.41.png,"Captura de Pantalla 2020-05-21 a la(s) 17.36.41",,,,http://134.122.26.138/wp-content/uploads/2020/05/Captura-de-Pantalla-2020-05-21-a-las-17.36.41.png,,simple,visible,"MATERIA PRIMA GORRA>BOTON",,visible,publish,2,shop1,shop1@gmail.com,,,nombre-del-producto,,,0,0,open,closed,2020-05-22,no,no,,no,1,100,13,134,,,no,yes,,,,,-1,-1,,,notify,taxable,standard,,,,4.1.0,,,0,0
24,"CONO PLEGABLE","<a href=""http://134.122.26.138/wp-content/uploads/2020/06/cono-plegable.png""><img class=""aligncenter wp-image-25 size-medium"" src=""http://134.122.26.138/wp-content/uploads/2020/06/cono-plegable-167x300.png"" alt=""SR1006"" width=""167"" height=""300"" /></a>",,2020-06-05,product,http://134.122.26.138/index.php/producto/cono-plegable/,0,SR1006,,,,instock,,,0,,http://134.122.26.138/wp-content/uploads/2020/06/cono-plegable.png,"cono plegable",,,,http://134.122.26.138/wp-content/uploads/2020/06/cono-plegable.png,,simple,visible,"VIALIDAD>CONOS|MARCA>MR SEGURIDAD",,visible,publish,2,shop1,shop1@gmail.com,,,cono-plegable,,,0,0,open,closed,2020-06-05,no,no,,no,,,,,,,no,no,,,,,-1,-1,,,no,taxable,standard,,,,4.1.0,,,0,0
27,"CINTA PROHIBIDO DEL PASO","<img class=""aligncenter size-medium wp-image-28"" src=""http://134.122.26.138/wp-content/uploads/2020/06/prohibido-el-paso-300x263.png"" alt=""SR1002PP"" width=""300"" height=""263"" />",,2020-06-05,product,http://134.122.26.138/index.php/producto/cinta-prohibido-del-paso/,0,SR1002PP,,,,instock,,,0,,http://134.122.26.138/wp-content/uploads/2020/06/prohibido-el-paso.png,"prohibido el paso",,,,http://134.122.26.138/wp-content/uploads/2020/06/prohibido-el-paso.png,,simple,visible,"CINTAS>CINTA|MARCA>MR SEGURIDAD|VIALIDAD",,visible,publish,2,shop1,shop1@gmail.com,,,cinta-prohibido-del-paso,,,0,0,open,closed,2020-06-05,no,no,,no,,,,,,,no,no,,,,,-1,-1,,,no,taxable,standard,,,,4.1.0,,,0,0
29,"CINTA PRECAUCIÓN","<img class=""aligncenter size-medium wp-image-30"" src=""http://134.122.26.138/wp-content/uploads/2020/06/cinta-precaucion-277x300.png"" alt=""SR1002PR"" width=""277"" height=""300"" />",,2020-06-05,product,http://134.122.26.138/index.php/producto/cinta-precaucion/,0,SR1002PR,,,,instock,,,0,,http://134.122.26.138/wp-content/uploads/2020/06/cinta-precaucion.png,"cinta precaucion",,,,http://134.122.26.138/wp-content/uploads/2020/06/cinta-precaucion.png,,simple,visible,"CINTAS>CINTA|MARCA>MR SEGURIDAD|VIALIDAD",,visible,publish,2,shop1,shop1@gmail.com,,,cinta-precaucion,,,0,0,open,closed,2020-06-05,no,no,,no,,,,,,,no,no,,,,,-1,-1,,,no,taxable,standard,,,,4.1.0,,,0,0
31,"CINTA PELIGRO","<img class=""aligncenter size-medium wp-image-32"" src=""http://134.122.26.138/wp-content/uploads/2020/06/cinta-peligro-300x231.png"" alt=""SR1002PL"" width=""300"" height=""231"" />",,2020-06-05,product,http://134.122.26.138/index.php/producto/cinta-peligro/,0,SR1002PL,,,,instock,,,0,,http://134.122.26.138/wp-content/uploads/2020/06/cinta-peligro.png,"cinta peligro",,,,http://134.122.26.138/wp-content/uploads/2020/06/cinta-peligro.png,,simple,visible,"CINTAS>CINTA|MARCA>MR SEGURIDAD|VIALIDAD",,visible,publish,2,shop1,shop1@gmail.com,,,cinta-peligro,,,0,0,open,closed,2020-06-05,no,no,,no,,,,,,,no,no,,,,,-1,-1,,,no,taxable,standard,,,,4.1.0,,,0,0
33,"INDICADOR DE PISO MOJADO","<img class=""aligncenter size-medium wp-image-34"" src=""http://134.122.26.138/wp-content/uploads/2020/06/precaucion-piso-mojado-198x300.png"" alt=""SR1009"" width=""198"" height=""300"" />",,2020-06-05,product,http://134.122.26.138/index.php/producto/indicador-de-piso-mojado/,0,SR1009,,,,instock,,,0,,http://134.122.26.138/wp-content/uploads/2020/06/precaucion-piso-mojado.png,"precaucion piso mojado",,,,http://134.122.26.138/wp-content/uploads/2020/06/precaucion-piso-mojado.png,,simple,visible,"MARCA>MR SEGURIDAD|PROTECCIÓN CIVIL>SEÑALAMIENTOS",,visible,publish,2,shop1,shop1@gmail.com,,,indicador-de-piso-mojado,,,0,0,open,closed,2020-06-05,no,no,,no,,,,,,,no,no,,,,,-1,-1,,,no,taxable,standard,,,,4.1.0,,,0,0
35,"CADENA PLÁSTICA AMARILLA","<img class=""aligncenter size-medium wp-image-36"" src=""http://134.122.26.138/wp-content/uploads/2020/06/cadena-plastico-amarilla-300x212.png"" alt=""SR1010"" width=""300"" height=""212"" />",,2020-06-05,product,http://134.122.26.138/index.php/producto/cadena-plastica-amarilla/,0,SR1010AM,,,,instock,,,0,,http://134.122.26.138/wp-content/uploads/2020/06/cadena-plastico-amarilla.png|http://134.122.26.138/wp-content/uploads/2020/06/cadena-plastico-roja.png,"cadena plastico amarilla|cadena plastico roja",|,|,|,http://134.122.26.138/wp-content/uploads/2020/06/cadena-plastico-amarilla.png,,simple,visible,"MARCA>MR SEGURIDAD|VIALIDAD",,visible,publish,2,shop1,shop1@gmail.com,,,cadena-plastica-amarilla,,,0,0,open,closed,2020-06-05,no,no,,no,,,,,,,no,no,,,,,-1,-1,,,no,taxable,standard,,,,4.1.0,,,0,0
38,"CADENA PLÁSTICA ROJA","<img class=""aligncenter size-medium wp-image-37"" src=""http://134.122.26.138/wp-content/uploads/2020/06/cadena-plastico-roja-300x212.png"" alt=""SR1010RJ"" width=""300"" height=""212"" />",,2020-06-05,product,http://134.122.26.138/index.php/producto/cadena-plastica-roja/,0,SR1010RJ,,,,instock,,,0,,http://134.122.26.138/wp-content/uploads/2020/06/cadena-plastico-roja.png,"cadena plastico roja",,,,http://134.122.26.138/wp-content/uploads/2020/06/cadena-plastico-roja.png,,simple,visible,VIALIDAD,,visible,publish,2,shop1,shop1@gmail.com,,,cadena-plastica-roja,,,0,0,open,closed,2020-06-05,no,no,,no,,,,,,,no,no,,,,,-1,-1,,,no,taxable,standard,,,,4.1.0,,,0,0
39,"BANDERÍN DE MALLA","<img class=""aligncenter size-medium wp-image-40"" src=""http://134.122.26.138/wp-content/uploads/2020/06/banderin-de-mallaq-300x212.png"" alt=""SR1019"" width=""300"" height=""212"" />",,2020-06-05,product,http://134.122.26.138/index.php/producto/banderin-de-malla/,0,SR1019,,,,instock,,,0,,http://134.122.26.138/wp-content/uploads/2020/06/banderin-de-mallaq.png,"banderin de mallaq",,,,http://134.122.26.138/wp-content/uploads/2020/06/banderin-de-mallaq.png,,simple,visible,"VIALIDAD>BANDEROLA|MARCA>MR SEGURIDAD",,visible,publish,2,shop1,shop1@gmail.com,,,banderin-de-malla,,,0,0,open,closed,2020-06-05,no,no,,no,,,,,,,no,no,,,,,-1,-1,,,no,taxable,standard,,,,4.1.0,,,0,0
41,"TRIANGULO DE VIALIDAD","<img class=""aligncenter size-medium wp-image-42"" src=""http://134.122.26.138/wp-content/uploads/2020/06/triangulo-de-vialidad-300x200.png"" alt=""SR1020"" width=""300"" height=""200"" />",,2020-06-05,product,http://134.122.26.138/index.php/producto/triangulo-de-vialidad/,0,,,,,instock,,,0,,http://134.122.26.138/wp-content/uploads/2020/06/triangulo-de-vialidad.png,"triangulo de vialidad",,,,http://134.122.26.138/wp-content/uploads/2020/06/triangulo-de-vialidad.png,,simple,visible,"MARCA>MR SEGURIDAD|VIALIDAD",,visible,publish,2,shop1,shop1@gmail.com,,,triangulo-de-vialidad,,,0,0,open,closed,2020-06-05,no,no,,no,,,,,,,no,no,,,,,-1,-1,,,no,taxable,standard,,,,4.1.0,,,0,0
43,"BANDERÍN PARA TRACTOCAMIÓN","<img class=""aligncenter size-medium wp-image-44"" src=""http://134.122.26.138/wp-content/uploads/2020/06/banderin-para-tractocamion-300x212.png"" alt=""SR1032"" width=""300"" height=""212"" />",,2020-06-05,product,http://134.122.26.138/index.php/producto/banderin-para-tractocamion/,0,SR1032,,,,instock,,,0,,http://134.122.26.138/wp-content/uploads/2020/06/banderin-para-tractocamion.png,"banderin para tractocamion",,,,http://134.122.26.138/wp-content/uploads/2020/06/banderin-para-tractocamion.png,,simple,visible,"MARCA>MR SEGURIDAD|VIALIDAD",,visible,publish,2,shop1,shop1@gmail.com,,,banderin-para-tractocamion,,,0,0,open,closed,2020-06-05,no,no,,no,,,,,,,no,no,,,,,-1,-1,,,no,taxable,standard,,,,4.1.0,,,0,0
49,"ARNES 3 ARGOLLAS","<img class=""aligncenter size-medium wp-image-50"" src=""http://134.122.26.138/wp-content/uploads/2020/06/ARNES-DE-3-ARGOLLAS-HERHILD-300x300.png"" alt="""" width=""300"" height=""300"" />",,2020-06-05,product,http://134.122.26.138/index.php/producto/arnes-3-argollas/,0,A3A,,,,instock,,,0,,http://134.122.26.138/wp-content/uploads/2020/06/ARNES-DE-3-ARGOLLAS-HERHILD.png,"ARNES DE 3 ARGOLLAS HERHILD",,,,http://134.122.26.138/wp-content/uploads/2020/06/ARNES-DE-3-ARGOLLAS-HERHILD.png,,simple,visible,ALTURA>ARNÉS|MARCA>HERHILD,,visible,publish,2,shop1,shop1@gmail.com,,,arnes-3-argollas,,,0,0,open,closed,2020-06-15,no,no,,no,,,,,,,no,no,,,,,-1,-1,,,no,taxable,standard,,,,4.1.0,,,0,0
51,"ARNES 5 ARGOLLAS","<img class=""aligncenter size-medium wp-image-52"" src=""http://134.122.26.138/wp-content/uploads/2020/06/ARNES-DE-5-ARGOLLAS-300x300.png"" alt="""" width=""300"" height=""300"" />",,2020-06-05,product,http://134.122.26.138/index.php/producto/arnes-5-argollas/,0,A35A,,,,instock,,,0,,http://134.122.26.138/wp-content/uploads/2020/06/ARNES-DE-5-ARGOLLAS.png,"ARNES DE 5 ARGOLLAS",,,,http://134.122.26.138/wp-content/uploads/2020/06/ARNES-DE-5-ARGOLLAS.png,,simple,visible,ALTURA>ARNÉS|MARCA>HERHILD,,visible,publish,2,shop1,shop1@gmail.com,,,arnes-5-argollas,,,0,0,open,closed,2020-06-15,no,no,,no,,,,,,,no,no,,,,,-1,-1,,,no,taxable,standard,,,,4.1.0,,,0,0
53,"ANCLA 90 CM","<img class=""aligncenter size-medium wp-image-54"" src=""http://134.122.26.138/wp-content/uploads/2020/06/ANCLA-DE-90-CM-300x300.jpg"" alt="""" width=""300"" height=""300"" />",,2020-06-05,product,http://134.122.26.138/index.php/producto/ancla-90-cm/,0,"ANCLA 90 CM",,,,instock,,,0,,http://134.122.26.138/wp-content/uploads/2020/06/ANCLA-DE-90-CM.jpg,"ANCLA DE 90 CM",,,,http://134.122.26.138/wp-content/uploads/2020/06/ANCLA-DE-90-CM.jpg,,simple,visible,ALTURA>ANCLA|MARCA>HERHILD,,visible,publish,2,shop1,shop1@gmail.com,,,ancla-90-cm,,,0,0,open,closed,2020-06-15,no,no,,no,,,,,,,no,no,,,,,-1,-1,,,no,taxable,standard,,,,4.1.0,,,0,0
55,"BARBIQUEJO 4 PUNTOS","<img class=""aligncenter size-medium wp-image-56"" src=""http://134.122.26.138/wp-content/uploads/2020/06/BARBIQUEJO-DE-4-PUNTOS-300x300.jpg"" alt="""" width=""300"" height=""300"" />",,2020-06-05,product,http://134.122.26.138/index.php/producto/barbiquejo-4-puntos/,0,ABP-4P,,,,instock,,,0,,http://134.122.26.138/wp-content/uploads/2020/06/BARBIQUEJO-DE-4-PUNTOS.jpg,"BARBIQUEJO DE 4 PUNTOS",,,,http://134.122.26.138/wp-content/uploads/2020/06/BARBIQUEJO-DE-4-PUNTOS.jpg,,simple,visible,"MARCA>ALTURA SEGURA|CABEZA>BARBIQUEJO",,visible,publish,2,shop1,shop1@gmail.com,,,barbiquejo-4-puntos,,,0,0,open,closed,2020-06-15,no,no,,no,,,,,,,no,no,,,,,-1,-1,,,no,taxable,standard,,,,4.1.0,,,0,0
57,"TAPON TRIPLE BARRERA","<img class=""aligncenter size-medium wp-image-58"" src=""http://134.122.26.138/wp-content/uploads/2020/06/TAPON-AUDITIVO-TRIPLE-BARRERA-300x248.jpg"" alt="""" width=""300"" height=""248"" />",,2020-06-05,product,http://134.122.26.138/index.php/producto/tapon-triple-barrera/,0,HHBB,,,,instock,,,0,,http://134.122.26.138/wp-content/uploads/2020/06/TAPON-AUDITIVO-TRIPLE-BARRERA.jpg,"TAPON AUDITIVO TRIPLE BARRERA",,,,http://134.122.26.138/wp-content/uploads/2020/06/TAPON-AUDITIVO-TRIPLE-BARRERA.jpg,,simple,visible,"MARCA>HERHILD|CABEZA>TAPON AUDITIVO",,visible,publish,2,shop1,shop1@gmail.com,,,tapon-triple-barrera,,,0,0,open,closed,2020-06-12,no,no,,no,,,,,,,no,no,,,,,-1,-1,,,no,taxable,standard,,,,4.1.0,,,0,0
59,"TAPON DESECHALE TIPO BALA","<img class=""aligncenter size-medium wp-image-60"" src=""http://134.122.26.138/wp-content/uploads/2020/06/TAPON-AUDITIVO-DESECHABLE-300x300.jpg"" alt="""" width=""300"" height=""300"" />",,2020-06-05,product,http://134.122.26.138/index.php/producto/tapon-desechale-tipo-bala/,0,HHN33,,,,instock,,,0,,http://134.122.26.138/wp-content/uploads/2020/06/TAPON-AUDITIVO-DESECHABLE.jpg,"TAPON AUDITIVO DESECHABLE",,,,http://134.122.26.138/wp-content/uploads/2020/06/TAPON-AUDITIVO-DESECHABLE.jpg,,simple,visible,"MARCA>HERHILD|Sin categorizar|CABEZA>TAPON AUDITIVO",,visible,publish,2,shop1,shop1@gmail.com,,,tapon-desechale-tipo-bala,,,0,0,open,closed,2020-06-12,no,no,,no,,,,,,,no,no,,,,,-1,-1,,,no,taxable,standard,,,,4.1.0,,,0,0
61,"LINEA DE POSICIONAMIENTO","<img class=""aligncenter size-medium wp-image-62"" src=""http://134.122.26.138/wp-content/uploads/2020/06/LINEA-DE-POSICIONAMIENTO-300x241.jpg"" alt="""" width=""300"" height=""241"" />",,2020-06-05,product,http://134.122.26.138/index.php/producto/linea-de-posicionamiento/,0,LP1,,,,instock,,,0,,http://134.122.26.138/wp-content/uploads/2020/06/LINEA-DE-POSICIONAMIENTO.jpg,"LINEA DE POSICIONAMIENTO",,,,http://134.122.26.138/wp-content/uploads/2020/06/LINEA-DE-POSICIONAMIENTO.jpg,,simple,visible,"MARCA>ALTURA SEGURA|ALTURA>LÍNEA DE POSICIONAMIENTO|Sin categorizar",,visible,publish,2,shop1,shop1@gmail.com,,,linea-de-posicionamiento,,,0,0,open,closed,2020-06-12,no,no,,no,,,,,,,no,no,,,,,-1,-1,,,no,taxable,standard,,,,4.1.0,,,0,0
63,"LIDEA DE VIDA DOBLE GANCHO GRANDE","<img class=""aligncenter size-medium wp-image-64"" src=""http://134.122.26.138/wp-content/uploads/2020/06/LINEA-DE-VIDA-DE-GANCHO-GRANDE-300x225.jpg"" alt="""" width=""300"" height=""225"" />",,2020-06-05,product,http://134.122.26.138/index.php/producto/lidea-de-vida-doble-gancho-grande/,0,LV12G,,,,instock,,,0,,http://134.122.26.138/wp-content/uploads/2020/06/LINEA-DE-VIDA-DE-GANCHO-GRANDE.jpg,"LINEA DE VIDA DE GANCHO GRANDE",,,,http://134.122.26.138/wp-content/uploads/2020/06/LINEA-DE-VIDA-DE-GANCHO-GRANDE.jpg,,simple,visible,"MARCA>ALTURA SEGURA|ALTURA>LÍNEA DE VIDA|Sin categorizar",,visible,publish,2,shop1,shop1@gmail.com,,,lidea-de-vida-doble-gancho-grande,,,0,0,open,closed,2020-06-12,no,no,,no,,,,,,,no,no,,,,,-1,-1,,,no,taxable,standard,,,,4.1.0,,,0,0
65,"LINEA DE VIDA CON AMORTIGUADOR","<img class=""aligncenter size-medium wp-image-66"" src=""http://134.122.26.138/wp-content/uploads/2020/06/LINEA-DE-VIDA-CON-AMORTIGUADOR-300x300.png"" alt="""" width=""300"" height=""300"" />",,2020-06-05,product,http://134.122.26.138/index.php/producto/linea-de-vida-con-amortiguador/,0,,,,,instock,,,0,,http://134.122.26.138/wp-content/uploads/2020/06/LINEA-DE-VIDA-CON-AMORTIGUADOR.png,"LINEA DE VIDA CON AMORTIGUADOR",,,,http://134.122.26.138/wp-content/uploads/2020/06/LINEA-DE-VIDA-CON-AMORTIGUADOR.png,,simple,visible,"MARCA>ALTURA SEGURA|ALTURA>LÍNEA DE VIDA",,visible,publish,2,shop1,shop1@gmail.com,,,linea-de-vida-con-amortiguador,,,0,0,open,closed,2020-06-12,no,no,,no,,,,,,,no,no,,,,,-1,-1,,,no,taxable,standard,,,,4.1.0,,,0,0
70,"CAMISOLA MEZCLILLA","<img class=""aligncenter size-medium wp-image-71"" src=""http://134.122.26.138/wp-content/uploads/2020/06/CAMISOLA-DE-MEZCLILLA-DE-14-OZ.-100-ALGODON-1-214x300.png"" alt="""" width=""214"" height=""300"" />",,2020-06-15,product,http://134.122.26.138/index.php/producto/camisola-mezclilla-2/,0,CAMMEZPESAZLH1,,,,instock,,,0,,http://134.122.26.138/wp-content/uploads/2020/06/CAMISOLA-DE-MEZCLILLA-DE-14-OZ.-100-ALGODON-1.png|http://134.122.26.138/wp-content/uploads/2020/06/CAMISOLA-DE-MEZCLILLA-DE-14-OZ.-100-ALGODON-2.png,"CAMISOLA DE MEZCLILLA DE 14 OZ. 100 % ALGODON|CAMISOLA DE MEZCLILLA DE 14 OZ. 100 % ALGODON",|,|,|,http://134.122.26.138/wp-content/uploads/2020/06/CAMISOLA-DE-MEZCLILLA-DE-14-OZ.-100-ALGODON-1.png,,simple,visible,"MARCA>IPF|ROPA Y ACCESORIOS",,visible,publish,2,shop1,shop1@gmail.com,,,camisola-mezclilla-2,,,0,0,open,closed,2020-06-15,no,no,,no,,,,,,,no,no,,,,,-1,-1,,,no,taxable,standard,,,,4.1.0,,,0,0
73,"CAMISOLA MEZCLILLA C/REFLEJANTE","<img class=""aligncenter size-medium wp-image-74"" src=""http://134.122.26.138/wp-content/uploads/2020/06/CAMISOLA-DE-MEZCLILLA-DE-14-OZ.-CON-REFLEJANTE-227x300.jpg"" alt="""" width=""227"" height=""300"" />",,2020-06-15,product,http://134.122.26.138/index.php/producto/camisola-mezclilla-c-reflejante/,0,CAMMEZPESAZLHR,,,,instock,,,0,,http://134.122.26.138/wp-content/uploads/2020/06/CAMISOLA-DE-MEZCLILLA-DE-14-OZ.-CON-REFLEJANTE.jpg,"CAMISOLA DE MEZCLILLA DE 14 OZ. CON REFLEJANTE",,,,http://134.122.26.138/wp-content/uploads/2020/06/CAMISOLA-DE-MEZCLILLA-DE-14-OZ.-CON-REFLEJANTE.jpg,,simple,visible,"MARCA>IPF|ROPA Y ACCESORIOS",,visible,publish,2,shop1,shop1@gmail.com,,,camisola-mezclilla-c-reflejante,,,0,0,open,closed,2020-06-15,no,no,,no,,,,,,,no,no,,,,,-1,-1,,,no,taxable,standard,,,,4.1.0,,,0,0
75,"OVEROL GABARDINA MARINO","<img class=""aligncenter size-medium wp-image-76"" src=""http://134.122.26.138/wp-content/uploads/2020/06/OVEROL-MARINO-DE-GABARDINA-100-ALGODON-1-214x300.png"" alt="""" width=""214"" height=""300"" />",,2020-06-15,product,http://134.122.26.138/index.php/producto/overol-gabardina-marino/,0,OV-G-AM,--,--,,instock,,,0,,http://134.122.26.138/wp-content/uploads/2020/06/OVEROL-MARINO-DE-GABARDINA-100-ALGODON-1.png,"OVEROL MARINO DE GABARDINA 100 % ALGODON",,,,http://134.122.26.138/wp-content/uploads/2020/06/OVEROL-MARINO-DE-GABARDINA-100-ALGODON-1.png,,simple,visible,"MARCA>IPF|ROPA Y ACCESORIOS>OVEROL",,visible,publish,2,shop1,shop1@gmail.com,,,overol-gabardina-marino,,,0,0,open,closed,2020-06-15,no,no,,no,,,,,,,no,no,,,,,-1,-1,,,no,taxable,standard,,,,4.1.0,,,0,0
77,"OVEROL GABARDINA ROJO","<img class=""aligncenter size-medium wp-image-78"" src=""http://134.122.26.138/wp-content/uploads/2020/06/OVEROL-ROJO-DE-GABARDINA-100-ALGODON-214x300.png"" alt="""" width=""214"" height=""300"" />",,2020-06-15,product,http://134.122.26.138/index.php/producto/overol-gabardina-rojo/,0,OV-G-R,,,,instock,,,0,,http://134.122.26.138/wp-content/uploads/2020/06/OVEROL-ROJO-DE-GABARDINA-100-ALGODON.png,"OVEROL ROJO DE GABARDINA 100 % ALGODON",,,,http://134.122.26.138/wp-content/uploads/2020/06/OVEROL-ROJO-DE-GABARDINA-100-ALGODON.png,,simple,visible,"MARCA>IPF|ROPA Y ACCESORIOS>OVEROL",,visible,publish,2,shop1,shop1@gmail.com,,,overol-gabardina-rojo,,,0,0,open,closed,2020-06-15,no,no,,no,,,,,,,no,no,,,,,-1,-1,,,no,taxable,standard,,,,4.1.0,,,0,0
79,"OVEROL GABARDINA CAKY","<img class=""aligncenter size-medium wp-image-80"" src=""http://134.122.26.138/wp-content/uploads/2020/06/OVEROL-DE-GABARDINA-KAKY-100-ALGODON-214x300.png"" alt="""" width=""214"" height=""300"" />",,2020-06-15,product,http://134.122.26.138/index.php/producto/overol-gabardina-caky/,0,OV-G-C,,,,instock,,,0,,http://134.122.26.138/wp-content/uploads/2020/06/OVEROL-DE-GABARDINA-KAKY-100-ALGODON.png,"OVEROL DE GABARDINA KAKY 100 % ALGODON",,,,http://134.122.26.138/wp-content/uploads/2020/06/OVEROL-DE-GABARDINA-KAKY-100-ALGODON.png,,simple,visible,"MARCA>IPF|ROPA Y ACCESORIOS>OVEROL",,visible,publish,2,shop1,shop1@gmail.com,,,overol-gabardina-caky,,,0,0,open,closed,2020-06-15,no,no,,no,,,,,,,no,no,,,,,-1,-1,,,no,taxable,standard,,,,4.1.0,,,0,0
81,"OVEROL GABARDINA NARANJA","<img class=""aligncenter size-full wp-image-82"" src=""http://134.122.26.138/wp-content/uploads/2020/06/OVEROL-GABARDINA-NARANJA.jpg"" alt="""" width=""153"" height=""284"" />",,2020-06-15,product,http://134.122.26.138/index.php/producto/overol-gabardina-naranja/,0,OV-G-N,,,,instock,,,0,,http://134.122.26.138/wp-content/uploads/2020/06/OVEROL-GABARDINA-NARANJA.jpg,"OVEROL GABARDINA NARANJA",,,,http://134.122.26.138/wp-content/uploads/2020/06/OVEROL-GABARDINA-NARANJA.jpg,,simple,visible,"MARCA>IPF|ROPA Y ACCESORIOS>OVEROL",,visible,publish,2,shop1,shop1@gmail.com,,,overol-gabardina-naranja,,,0,0,open,closed,2020-06-15,no,no,,no,,,,,,,no,no,,,,,-1,-1,,,no,taxable,standard,,,,4.1.0,,,0,0
83,"OVEROL GABARDINA NEGRO","<img class=""aligncenter size-medium wp-image-84"" src=""http://134.122.26.138/wp-content/uploads/2020/06/OVEROL-GABARDINA-NEGRO-162x300.jpg"" alt="""" width=""162"" height=""300"" />",,2020-06-15,product,http://134.122.26.138/index.php/producto/overol-gabardina-negro/,0,OV-G-NG,,,,instock,,,0,,http://134.122.26.138/wp-content/uploads/2020/06/OVEROL-GABARDINA-NEGRO.jpg,"OVEROL GABARDINA NEGRO",,,,http://134.122.26.138/wp-content/uploads/2020/06/OVEROL-GABARDINA-NEGRO.jpg,,simple,visible,"MARCA>IPF|ROPA Y ACCESORIOS>OVEROL",,visible,publish,2,shop1,shop1@gmail.com,,,overol-gabardina-negro,,,0,0,open,closed,2020-06-15,no,no,,no,,,,,,,no,no,,,,,-1,-1,,,no,taxable,standard,,,,4.1.0,,,0,0
85,"BATA GABARDINA MARINO","<img class=""aligncenter size-medium wp-image-87"" src=""http://134.122.26.138/wp-content/uploads/2020/06/BATA-DE-GABARDINA-100-ALGODON-214x300.png"" alt="""" width=""214"" height=""300"" />",,2020-06-15,product,http://134.122.26.138/index.php/producto/bata-gabardina-marino/,0,BAT10AZMLH-36,,,,instock,,,0,,http://134.122.26.138/wp-content/uploads/2020/06/BATA-DE-GABARDINA-100-ALGODON.png|http://134.122.26.138/wp-content/uploads/2020/06/OVEROL-MARINO-DE-GABARDINA-100-ALGODON-2.png,"BATA DE GABARDINA 100% ALGODON|OVEROL MARINO DE GABARDINA 100 % ALGODON",|,|,|,http://134.122.26.138/wp-content/uploads/2020/06/BATA-DE-GABARDINA-100-ALGODON.png,,simple,visible,"ROPA Y ACCESORIOS>BATAS|MARCA>IPF",,visible,publish,2,shop1,shop1@gmail.com,,,bata-gabardina-marino,,,0,0,open,closed,2020-06-15,no,no,,no,,,,,,,no,no,,,,,-1,-1,,,no,taxable,standard,,,,4.1.0,,,0,0
88,"PANTALON MEZCLILLA","<img class=""aligncenter size-medium wp-image-89"" src=""http://134.122.26.138/wp-content/uploads/2020/06/PANTALON-DE-MEZCLILLA-DE-14-OZ-.-100-ALGODON-214x300.png"" alt="""" width=""214"" height=""300"" />",,2020-06-15,product,http://134.122.26.138/index.php/producto/pantalon-mezclilla/,0,PANMEZSUAAZH,,,,instock,,,0,,http://134.122.26.138/wp-content/uploads/2020/06/PANTALON-DE-MEZCLILLA-DE-14-OZ-.-100-ALGODON.png,"PANTALON DE MEZCLILLA DE 14 OZ . 100 % ALGODON",,,,http://134.122.26.138/wp-content/uploads/2020/06/PANTALON-DE-MEZCLILLA-DE-14-OZ-.-100-ALGODON.png,,simple,visible,"MARCA>IPF|ROPA Y ACCESORIOS",,visible,publish,2,shop1,shop1@gmail.com,,,pantalon-mezclilla,,,0,0,open,closed,2020-06-15,no,no,,no,,,,,,,no,no,,,,,-1,-1,,,no,taxable,standard,,,,4.1.0,,,0,0
90,"ESQUINERO PROTECTOR PARA COLUMNA","<img class=""aligncenter size-medium wp-image-92"" src=""http://134.122.26.138/wp-content/uploads/2020/06/esquinero-columnas-300x212.png"" alt="""" width=""300"" height=""212"" />",,2020-06-15,product,http://134.122.26.138/index.php/producto/esquinero-protector-para-columna/,0,SR1055,,,,instock,,,0,,http://134.122.26.138/wp-content/uploads/2020/06/esquinero-columnas.png|http://134.122.26.138/wp-content/uploads/2020/06/CHALECO-FOTOGRAFO-100-ALGODON.jpg,"esquinero columnas|CHALECO FOTOGRAFO 100 % ALGODON",|,|,|,http://134.122.26.138/wp-content/uploads/2020/06/esquinero-columnas.png,,simple,visible,"VIALIDAD>ESQUINERO|MARCA>MR SEGURIDAD",,visible,publish,2,shop1,shop1@gmail.com,,,esquinero-protector-para-columna,,,0,0,open,closed,2020-06-15,no,no,,no,,,,,,,no,no,,,,,-1,-1,,,no,taxable,standard,,,,4.1.0,,,0,0
93,"SOMBRERO CAZADOR AMARILLO","<img class=""aligncenter size-medium wp-image-94"" src=""http://134.122.26.138/wp-content/uploads/2020/06/sombrero-cazador-amarillo-300x212.png"" alt="""" width=""300"" height=""212"" />",,2020-06-15,product,http://134.122.26.138/index.php/producto/sombrero-cazador-amarillo/,0,SR1038AM,,,,instock,,,0,,http://134.122.26.138/wp-content/uploads/2020/06/sombrero-cazador-amarillo.png,"sombrero cazador amarillo",,,,http://134.122.26.138/wp-content/uploads/2020/06/sombrero-cazador-amarillo.png,,simple,visible,"Sin categorizar",,visible,publish,2,shop1,shop1@gmail.com,,,sombrero-cazador-amarillo,,,0,0,open,closed,2020-06-15,no,no,,no,,,,,,,no,no,,,,,-1,-1,,,no,taxable,standard,,,,4.1.0,,,0,0
95,"SOMBRERO CAZADOR NARANJA","<img class=""aligncenter size-medium wp-image-96"" src=""http://134.122.26.138/wp-content/uploads/2020/06/sombrero-tipo-cazador-naranja-300x212.png"" alt="""" width=""300"" height=""212"" />",,2020-06-15,product,http://134.122.26.138/index.php/producto/sombrero-cazador-naranja/,0,SR1038NJ,,,,instock,,,0,,http://134.122.26.138/wp-content/uploads/2020/06/sombrero-tipo-cazador-naranja.png,"sombrero tipo cazador naranja",,,,http://134.122.26.138/wp-content/uploads/2020/06/sombrero-tipo-cazador-naranja.png,,simple,visible,"MARCA>MR SEGURIDAD|ROPA Y ACCESORIOS>SOMBREROS",,visible,publish,2,shop1,shop1@gmail.com,,,sombrero-cazador-naranja,,,0,0,open,closed,2020-06-15,no,no,,no,,,,,,,no,no,,,,,-1,-1,,,no,taxable,standard,,,,4.1.0,,,0,0
